System,Mass_eV,Width_eV,Chi,Category,Empirical,Notes
Dark Energy,2.400000e-33,4.800000e-33,1.000000e+00,Vacuum,No,chi=1 by construction; Gamma=2*omega; substrate anchor
QCD Scale,2.000000e+08,4.000000e+08,1.000000e+00,Vacuum,No,chi=1 by construction; Gamma=2*omega; substrate anchor
Electroweak Scale,2.460000e+11,4.920000e+11,1.000000e+00,Vacuum,No,chi=1 by construction; Gamma=2*omega; substrate anchor
GUT Scale,1.000000e+25,2.000000e+25,1.000000e+00,Vacuum,No,chi=1 by construction; Gamma=2*omega; substrate anchor
Planck Scale,1.220000e+28,2.440000e+28,1.000000e+00,Vacuum,No,chi=1 by construction; Gamma=2*omega; substrate anchor
Neutrino (nu2),8.600000e-03,1.000000e-33,5.813953e-32,Lepton,No,No measured width; chi<<1 from coherence constraints; width is symbolic upper bound only
Neutrino (nu3),5.000000e-02,1.000000e-33,1.000000e-32,Lepton,No,No measured width; chi<<1 from coherence constraints; width is symbolic upper bound only
Electron,5.110000e+05,1.000000e-51,9.784736e-58,Lepton,Yes,Width is PDG experimental upper bound
Muon,1.060000e+08,3.000000e-10,1.415094e-18,Lepton,Yes,PDG 2022
Tau,1.780000e+09,2.300000e-03,6.460674e-13,Lepton,Yes,PDG 2022
Up quark,2.200000e+06,1.000000e+08,2.272727e+01,Quark,No,Width approx hadronization scale ~LQCD; not a free-particle width
Down quark,4.700000e+06,1.000000e+08,1.063830e+01,Quark,No,Width approx hadronization scale ~LQCD; not a free-particle width
Strange quark,9.500000e+07,1.000000e+08,5.263158e-01,Quark,No,Width approx hadronization scale ~LQCD; not a free-particle width
Charm quark,1.280000e+09,1.000000e+08,3.906250e-02,Quark,No,Width approx hadronization scale ~LQCD; not a free-particle width
Bottom quark,4.180000e+09,1.000000e+08,1.196172e-02,Quark,No,Width approx hadronization scale ~LQCD; not a free-particle width
Top quark,1.730000e+11,1.420000e+09,4.104046e-03,Quark,Yes,PDG 2022
Proton,9.380000e+08,1.000000e-24,5.330490e-34,Baryon,Yes,Width is PDG experimental upper bound
Neutron,9.400000e+08,7.430000e-19,3.952128e-28,Baryon,Yes,PDG 2022
Delta(1232),1.230000e+09,1.170000e+08,4.756098e-02,Baryon,Yes,PDG 2022
Pion (pi0),1.350000e+08,7.810000e+00,2.892593e-08,Meson,Yes,PDG 2022
Pion (pi+/-),1.400000e+08,2.530000e-08,9.035714e-17,Meson,Yes,PDG 2022
Kaon (K0),4.980000e+08,7.350000e-06,7.379518e-15,Meson,Yes,PDG 2022
eta meson,5.480000e+08,1.310000e-03,1.195255e-12,Meson,Yes,PDG 2022
rho meson,7.750000e+08,1.490000e+08,9.612903e-02,Meson,Yes,PDG 2022
omega meson,7.830000e+08,8.490000e+06,5.421456e-03,Meson,Yes,PDG 2022
phi meson,1.020000e+09,4.250000e+06,2.083333e-03,Meson,Yes,PDG 2022
sigma f0(500),4.750000e+08,5.500000e+08,5.789474e-01,Meson,Yes,PDG 2022; central values of wide range
W boson,8.040000e+10,2.090000e+09,1.299751e-02,Boson,Yes,PDG 2022
Z boson,9.120000e+10,2.500000e+09,1.370614e-02,Boson,Yes,PDG 2022
Higgs boson,1.250000e+11,4.070000e+06,1.628000e-05,Boson,Yes,PDG 2022
