System,Mass_eV,Width_eV,Chi,Category,Empirical,Notes
Dark Energy,2.4e-33,4.8e-33,1.0,Vacuum,No,Chi=1 imposed by critical damping consistency condition
Neutrino (nu3),0.05,1e-23,1e-22,Lepton,Yes,Mass from oscillation data; width from Earth matter interactions
Neutrino (nu2),0.0086,1e-23,5.813953488372093e-22,Lepton,Yes,Mass from oscillation data; width from Earth matter interactions
Electron,511000.0,1e-51,1.0000000000000001e-57,Lepton,Yes,Width is experimental upper bound
Muon,106000000.0,3e-10,1.4e-18,Lepton,Yes,PDG measured decay width
Tau,1780000000.0,0.0023,6.5e-13,Lepton,Yes,PDG measured decay width
Up quark,2200000.0,100000000.0,22.727272727272727,Quark,No,Width is hadronization scale ~Lambda_QCD; approximate
Down quark,4700000.0,100000000.0,11.0,Quark,No,Width is hadronization scale ~Lambda_QCD; approximate
Strange quark,95000000.0,100000000.0,0.5263157894736842,Quark,No,Width is hadronization scale ~Lambda_QCD; approximate
Charm quark,1280000000.0,100000000.0,0.04,Quark,No,Width is hadronization scale ~Lambda_QCD; approximate
Bottom quark,4180000000.0,100000000.0,0.011961722488038277,Quark,No,Width is hadronization scale ~Lambda_QCD; approximate
Top quark,173000000000.0,1420000000.0,0.0041,Quark,Yes,PDG measured decay width
Proton,938000000.0,5.79e-53,3.09e-62,Baryon,Yes,Width from PDG lifetime lower bound >3.6e29 yr; chi is upper bound
W boson,80400000000.0,2090000000.0,0.013,Boson,Yes,PDG measured decay width
Z boson,91200000000.0,2500000000.0,0.014,Boson,Yes,PDG measured decay width
Higgs boson,125000000000.0,4070000.0,1.6e-05,Boson,Yes,PDG measured decay width
Pion (pi0),135000000.0,7.81,2.9e-08,Meson,Yes,PDG measured decay width
Pion (pi+/-),140000000.0,2.53e-08,9e-17,Meson,Yes,PDG measured decay width
Kaon (K0),498000000.0,7.35e-06,7.4e-15,Meson,Yes,PDG measured decay width
Eta meson,548000000.0,0.00131,1.2e-12,Meson,Yes,PDG measured decay width
Rho meson,775000000.0,149000000.0,0.096,Meson,Yes,PDG measured decay width
Omega meson,783000000.0,8490000.0,0.0054,Meson,Yes,PDG measured decay width
Phi meson,1020000000.0,4250000.0,0.0021,Meson,Yes,PDG measured decay width
Sigma f0(500),475000000.0,550000000.0,0.58,Meson,Yes,PDG pole parameters; width highly uncertain
Neutron,940000000.0,7.43e-19,4.0000000000000003e-28,Baryon,Yes,PDG measured decay width
Delta(1232),1230000000.0,117000000.0,0.048,Baryon,Yes,PDG measured decay width
QCD Scale,200000000.0,400000000.0,1.0,Vacuum,No,Chi=1 imposed by critical damping consistency condition
Electroweak Scale,246000000000.0,492000000000.0,1.0,Vacuum,No,Chi=1 imposed by critical damping consistency condition
GUT Scale,9.999999999999999e+24,1.9999999999999998e+25,1.0,Vacuum,No,Chi=1 imposed by critical damping consistency condition
Planck Scale,1.2200000000000002e+28,2.4400000000000003e+28,1.0,Vacuum,No,Chi=1 imposed by critical damping consistency condition
